Algorithm,Pair,Duration
Dijkstra,1,0.002537250518798828
Dijkstra,2,0.0040912628173828125
Dijkstra,3,0.0026421546936035156
Bellman-Ford,1,0.006014585494995117
Bellman-Ford,2,0.003760099411010742
Bellman-Ford,3,0.004752397537231445
Floyd-Warshall,1,131.64320755004883
Floyd-Warshall,2,131.64320755004883
Floyd-Warshall,3,131.64320755004883
